﻿Title,Last edited by,Last edited time
Science Fair: Project Summary,Mingqi Geng,"May 20, 2024 12:57 PM"
Backend Database Structure,Mingqi Geng,"May 9, 2024 1:06 PM"
"Communication protocol ",y z,"May 6, 2024 10:47 AM"
"Science Fair: IRB Supplemental Document ",Mingqi Geng,"March 20, 2024 9:54 PM"
Bot APIs,y z,"March 11, 2024 10:58 PM"
TODO,Mingqi Geng,"February 5, 2024 8:53 PM"
Market,Mingqi Geng,"December 30, 2023 12:14 AM"
element settings,Mingqi Geng,"June 20, 2023 2:40 AM"
UML diagrams,Mingqi Geng,"April 21, 2023 2:26 PM"